Shields stress,slope (m/m),median grain size (cm),flow depth (cm),density (g/cm3),Re (reported),Re (calculated),Flow velocity(m/s),phi,Incipient Motion
0.062144258,0.103,1.5,1.493272222,2.65,,1841.587687,0.3867,nan,None
0.109537408,0.203,1.5,1.335493033,2.65,,2444.967717,0.2928,nan,None
0.121230255,0.253,1.5,1.18594815,2.65,,2572.156614,0.3213,nan,None
0.133517927,0.303,1.5,1.090616734,2.65,,2699.365479,0.2003,nan,None
0.163957794,0.356,1.5,1.139875112,2.65,,2991.285954,0.1991,nan,None
0.033060243,0.031,1.5,2.639487125,2.65,,1343.213097,0.6919,nan,None
0.047638103,0.054,1.5,2.183413041,2.65,,1612.386402,0.7716,nan,None
0.053538741,0.076,1.5,1.743531372,2.65,,1709.330241,0.7094,nan,None
0.057637504,0.098,1.5,1.455641053,2.65,,1773.554271,0.6317,nan,None
0.074286027,0.14,1.5,1.313270829,2.65,,2013.471393,0.5035,nan,None
0.149740873,0.298,1.5,1.243653227,2.65,,2858.657201,0.4214,nan,None
0.035664061,0.033,1.5,2.674804609,2.65,,1395.106295,0.7153,nan,None
0.048803032,0.057,1.5,2.119079027,2.65,,1631.981763,0.8226,nan,None
0.062484145,0.098,1.5,1.578043463,2.65,,1846.616939,0.6145,nan,None
0.07477108,0.119,1.5,1.555112794,2.65,,2020.034211,0.5106,nan,None
0.080011554,0.14,1.5,1.414489975,2.65,,2089.6245,0.4406,nan,None
0.089940095,0.173,1.5,1.286715232,2.65,,2215.483753,0.4369,nan,None
0.117211582,0.204,1.5,1.422052279,2.65,,2529.164993,0.4126,nan,None
0.101482991,0.219,1.5,1.146896818,2.65,,2353.360872,0.3592,nan,None
0.106228623,0.24,1.5,1.095482674,2.65,,2407.757112,0.314,nan,None
0.124194195,0.279,1.5,1.101722693,2.65,,2603.409864,0.2698,nan,None
0.128822159,0.212556562,2.3,2.300000004,2.65,,5034.334296,nan,nan,None
0.149045341,0.230868191,2.3,2.450000005,2.65,,5415.093583,nan,nan,None
0.154392834,0.249328003,2.3,2.349999992,2.65,,5511.379716,nan,nan,None
0.169454035,0.267949192,2.3,2.400000008,2.65,,5773.946045,nan,nan,None
0.158673336,0.286745386,2.3,2.099999998,2.65,,5587.258183,nan,nan,None
0.173207105,0.305730681,2.3,2.149999998,2.65,,5837.536586,nan,nan,None
0.136988541,0.324919696,2.3,1.599999998,2.65,,5191.452492,nan,nan,None
0.167854041,0.344327613,2.3,1.850000004,2.65,,5746.622442,nan,nan,None
0.115089402,0.363970234,2.3,1.199999999,2.65,,4758.438172,nan,nan,None
0.153253947,0.212556562,2.9,3.449999988,2.65,,7774.238162,nan,nan,None
0.127858037,0.230868191,2.9,2.650000004,2.65,,7100.942943,nan,nan,None
0.122449489,0.249328003,2.9,2.349999991,2.65,,6949.130945,nan,nan,None
0.11479537,0.267949192,2.9,2.050000007,2.65,,6728.437039,nan,nan,None
0.12584437,0.286745386,2.9,2.099999999,2.65,,7044.803798,nan,nan,None
0.118203085,0.305730681,2.9,1.850000006,2.65,,6827.573947,nan,nan,None
0.122226845,0.324919696,2.9,1.800000002,2.65,,6942.810436,nan,nan,None
0.11513567,0.344327613,2.9,1.6,2.65,,6738.402566,nan,nan,None
0.121703736,0.363970234,2.9,1.600000006,2.65,,6927.937513,nan,nan,None
0.130716602,0.212556562,3.4,3.449999992,2.65,,9114.624057,nan,nan,None
0.109055384,0.230868191,3.4,2.649999992,2.65,,8325.243431,nan,nan,None
0.104442212,0.249328003,3.4,2.350000009,2.65,,8147.257001,nan,nan,None
0.097913698,0.267949192,3.4,2.050000008,2.65,,7888.512393,nan,nan,None
0.107337845,0.286745386,3.4,2.099999999,2.65,,8259.425143,nan,nan,None
0.100820278,0.305730681,3.4,1.849999999,2.65,,8004.741853,nan,nan,None
0.104252309,0.324919696,3.4,1.800000002,2.65,,8139.846719,nan,nan,None
0.098203954,0.344327613,3.4,1.600000003,2.65,,7900.196119,nan,nan,None
0.103806127,0.363970234,3.4,1.599999995,2.65,,8122.409468,nan,nan,None
0.034447502,0.0258,6.4,14.93,2.747196738,12440.96976,12434.62718,nan,nan,None
0.040312343,0.0325,6.4,13.87,2.747196738,13458.42965,13451.56835,nan,nan,None
0.045843524,0.0375,6.4,13.67,2.747196738,14352.06421,14344.74733,nan,nan,None
0.037576979,0.0292,6.4,14.39,2.747196738,12993.80367,12987.17924,nan,nan,None
0.062953522,0.0475,6.4,14.82,2.747196738,16818.42738,16809.85311,nan,nan,None
0.070256112,0.0566,6.4,13.88,2.747196738,17767.13598,17758.07805,nan,nan,None
0.045034639,0.0308,6.4,16.35,2.747196738,14224.88337,14217.63133,nan,nan,None
0.04989343,0.0508,6.4,12.05,2.917023445,15683.38693,15675.39132,nan,nan,None
0.023151305,0.02042,6.4,13.91,2.917023445,10683.31199,10677.86549,nan,nan,None
0.039351371,0.04,6.4,12.07,2.917023445,13928.29987,13921.19903,nan,nan,None
0.027436904,0.0242,6.4,13.91,2.917023445,11630.16097,11624.23175,nan,nan,None
0.026650691,0.0208,6.4,15.72,2.917023445,11462.31702,11456.47338,nan,nan,None
0.032892464,0.0233,6.4,17.32,2.917023445,12734.04505,12727.55306,nan,nan,None
0.02266176,0.0142,6.4,19.58,2.917023445,10569.75677,10564.36816,nan,nan,None
0.029521679,0.02,6.4,18.11,2.917023445,12063.927,12057.77664,nan,nan,None
0.049470015,0.0508,6.4,12.01,2.927013252,15657.33478,15649.35245,nan,nan,None
0.046448986,0.0475,6.4,12.06,2.927013252,15171.7241,15163.98934,nan,nan,None
0.026260685,0.0233,6.4,13.9,2.927013252,11407.74588,11401.93005,nan,nan,None
0.036742742,0.0316,6.4,14.34,2.927013252,13493.74798,13486.86868,nan,nan,None
0.029190251,0.0225,6.4,16,2.927013252,12027.2331,12021.10145,nan,nan,None
0.035721569,0.0275,6.4,16.02,2.927013252,13304.91427,13298.13124,nan,nan,None
0.050244692,0.0417,6.4,14.86,2.927013252,15779.45175,15771.40717,nan,nan,None
0.026855031,0.0192,6.4,17.25,2.927013252,11536.11673,11530.23545,nan,nan,None
0.032103438,0.0216,6.4,18.33,2.927013252,12613.12169,12606.69134,nan,nan,None
0.044350698,0.0325,6.4,13.34,2.527420999,13198.7886,13192.05967,nan,nan,None
0.026262099,0.0175,6.4,14.67,2.527420999,10156.60491,10151.42693,nan,nan,None
0.028970402,0.0192,6.4,14.75,2.527420999,10667.46194,10662.02352,nan,nan,None
0.022762429,0.0142,6.4,15.67,2.527420999,9455.688312,9450.86767,nan,nan,None
0.027811995,0.0167,6.4,16.28,2.527420999,10452.01233,10446.68375,nan,nan,None
0.027794911,0.0167,6.4,16.27,2.527420999,10448.80176,10443.47482,nan,nan,None
0.028683255,0.0167,6.4,16.79,2.527420999,10614.46383,10609.05242,nan,nan,None
0.01789086,0.0092,6.4,19.01,2.527420999,8382.999684,8378.725914,nan,nan,None
0.029195761,0.0167,6.4,17.09,2.527420999,10708.87242,10703.41289,nan,nan,None
0.025987228,0.0142,6.4,17.89,2.527420999,10103.31329,10098.16248,nan,nan,None
0.029231258,0.015,6.4,19.05,2.527420999,10715.3805,10709.91765,nan,nan,None
0.041480945,0.0208,6.4,18.22,2.427522936,12340.14695,12333.85577,nan,nan,None
0.060455465,0.0342,6.4,16.15,2.427522936,14897.51372,14889.91876,nan,nan,None
0.076469656,0.0542,6.4,12.89,2.427522936,16754.85137,16746.30951,nan,nan,None
0.076410331,0.0542,6.4,12.88,2.427522936,16748.35094,16739.8124,nan,nan,None
0.040665393,0.0275,6.4,13.51,2.427522936,12218.23571,12212.00668,nan,nan,None
0.040071817,0.0258,6.4,14.19,2.427522936,12128.73559,12122.55219,nan,nan,None
0.064503451,0.0433,6.4,13.61,2.427522936,15388.18817,15380.34306,nan,nan,None
0.037655371,0.0225,6.4,15.29,2.427522936,11757.35089,11751.35682,nan,nan,None
0.045356539,0.0267,6.4,15.52,2.427522936,12903.75079,12897.17227,nan,nan,None
0.051951004,0.0316,6.4,15.02,2.427522936,13809.97796,13802.93744,nan,nan,None
0.031930857,0.0175,6.4,16.67,2.427522936,10826.82961,10821.30994,nan,nan,None
0.051654815,0.04,5.5,11.7,2.647298675,11784.7431,11778.73508,nan,nan,None
0.049370083,0.035,5.5,12.78,2.647298675,11521.17152,11515.29787,nan,nan,None
0.046704562,0.0325,5.5,13.02,2.647298675,11205.83867,11200.12578,nan,nan,None
0.03845414,0.0208,5.5,16.75,2.647298675,10168.01706,10162.83327,nan,nan,None
0.032565712,0.0175,5.5,16.86,2.647298675,9357.180405,9352.409984,nan,nan,None
0.040369673,0.0221,5.5,16.55,2.647298675,10418.19133,10412.87999,nan,nan,None
0.040951342,0.0225,5.5,16.49,2.647298675,10492.97843,10487.62896,nan,nan,None
0.046445185,0.0263,5.5,16,2.647298675,11174.67906,11168.98205,nan,nan,None
0.04352757,0.0238,5.5,16.57,2.647298675,10817.99873,10812.48356,nan,nan,None
0.036929882,0.019,5.5,17.61,2.647298675,9964.457786,9959.377767,nan,nan,None
0.031522682,0.016,5.5,17.85,2.647298675,9206.11286,9201.419456,nan,nan,None
0.024767822,0.012,5.5,18.7,2.647298675,8160.346868,8156.186609,nan,nan,None
0.043443024,0.024,5.5,16.4,2.647298675,10807.4874,10801.9776,nan,nan,None
0.05194289,0.0315,5.5,14.94,2.647298675,11817.55872,11811.53396,nan,nan,None
0.061671214,0.0375,5.5,14.9,2.647298675,12876.74102,12870.17628,nan,nan,None
0.031870359,0.015,5.5,19.25,2.647298675,9256.742644,9252.023427,nan,nan,None
0.034416566,0.0163,5.5,19.13,2.647298675,9619.41099,9614.50688,nan,nan,None
0.025630391,0.0113,5.5,20.55,2.647298675,8301.227728,8296.995646,nan,nan,None
0.036602624,0.0175,5.5,18.95,2.647298675,9920.209061,9915.1516,nan,nan,None
0.051538923,0.0275,5.5,16.98,2.647298675,11771.51562,11765.51433,nan,nan,None
0.05143738,0.029,5.5,16.07,2.647298675,11759.91359,11753.91822,nan,nan,None
0.048511854,0.0462,3.7,6.4,2.647298675,6301.54733,6298.334713,nan,nan,None
0.025998338,0.019,3.7,8.34,2.647298675,4613.133826,4610.781986,nan,nan,None
0.038913831,0.0335,3.7,7.08,2.647298675,5643.847367,5640.970055,nan,nan,None
0.059435553,0.059,3.7,6.14,2.647298675,6975.035449,6971.479479,nan,nan,None
0.02311729,0.01,3.7,14.09,2.647298675,4350.024714,4347.80701,nan,nan,None
0.022444608,0.01,3.7,13.68,2.647298675,4286.267551,4284.082352,nan,nan,None
0.029171428,0.014,3.7,12.7,2.647298675,4886.54729,4884.05606,nan,nan,None
0.028505637,0.0138,3.7,12.59,2.647298675,4830.461622,4827.998986,nan,nan,None
0.04437486,0.0247,3.7,10.95,2.647298675,6026.86917,6023.796588,nan,nan,None
0.030564371,0.013,3.7,14.33,2.647298675,5001.853864,4999.30385,nan,nan,None
0.015543875,0.006,3.7,15.79,2.647298675,3566.998428,3565.179923,nan,nan,None
0.020239524,0.008,3.7,15.42,2.647298675,4070.271773,4068.196691,nan,nan,None
0.019294488,0.0075,3.7,15.68,2.647298675,3974.110044,3972.083987,nan,nan,None
0.02390482,0.01,3.7,14.57,2.647298675,4423.499715,4421.244553,nan,nan,None
0.03430678,0.015,3.7,13.94,2.647298675,5299.235793,5296.534169,nan,nan,None
0.024748134,0.009,3.7,16.76,2.647298675,4500.849484,4498.554888,nan,nan,None
0.007666113,0.0025,3.7,18.69,2.647298675,2505.018184,2503.741091,nan,nan,None
0.030359286,0.012,3.7,15.42,2.647298675,4985.044479,4982.503034,nan,nan,None
0.04656353,0.03,3.86,9.57,2.597349643,6477.962127,6474.659572,nan,nan,None
0.050180273,0.035,3.86,8.84,2.597349643,6724.840111,6721.411693,nan,nan,None
0.051639944,0.04,3.86,7.96,2.597349643,6821.946951,6818.469027,nan,nan,None
0.057292118,0.045,3.86,7.85,2.597349643,7185.597616,7181.934298,nan,nan,None
0.060981844,0.05,3.86,7.52,2.597349643,7413.370932,7409.591492,nan,nan,None
0.060300664,0.055,3.86,6.76,2.597349643,7371.850192,7368.09192,nan,nan,None
0.065004051,0.06,3.86,6.68,2.597349643,7653.950775,7650.048684,nan,nan,None
0.061565713,0.065,3.86,5.84,2.597349643,7448.77593,7444.97844,nan,nan,None
0.058758045,0.015,1.75,10.95,2.597349643,2221.392194,2220.259698,nan,nan,None
0.075983007,0.02,1.75,10.62,2.597349643,2526.095752,2524.807913,nan,nan,None
0.096946303,0.025,1.75,10.84,2.597349643,2853.364133,2851.909448,nan,nan,None
0.095086079,0.03,1.75,8.86,2.597349643,2825.856087,2824.415426,nan,nan,None
0.089272878,0.035,1.75,7.13,2.597349643,2738.112825,2736.716897,nan,nan,None
0.101167581,0.04,1.75,7.07,2.597349643,2914.823451,2913.337433,nan,nan,None
0.108179196,0.045,1.75,6.72,2.597349643,3014.140176,3012.603525,nan,nan,None
0.090328198,0.05,1.75,5.05,2.597349643,2754.249274,2752.845119,nan,nan,None
0.103099353,0.055,1.75,5.24,2.597349643,2942.520794,2941.020656,nan,nan,None
0.091651819,0.06,1.75,4.27,2.597349643,2774.355533,2772.941128,nan,nan,None
0.056343331,0.03,4.1,12.3,2.597349643,7800.663491,7796.686604,nan,nan,None
0.058251981,0.035,4.1,10.9,2.597349643,7931.688165,7927.64448,nan,nan,None
0.06168755,0.04,4.1,10.1,2.597349643,8162.234032,8158.072812,nan,nan,None
0.059091786,0.045,4.1,8.6,2.597349643,7988.658254,7984.585525,nan,nan,None
0.065810232,0.05,4.1,8.62,2.597349643,8430.571102,8426.273079,nan,nan,None
0.064665043,0.055,4.1,7.7,2.597349643,8356.897352,8352.636889,nan,nan,None
0.055885255,0.06,4.1,6.1,2.597349643,7768.888762,7764.928074,nan,nan,None
0.061212026,0.02,2,9.9,2.617329256,2787.385872,2785.964824,nan,nan,None
0.064921845,0.03,2,7,2.617329256,2870.609691,2869.146214,nan,nan,None
0.076669608,0.04,2,6.2,2.617329256,3119.538427,3117.948043,nan,nan,None
0.020054256,0.01,1.1,3.7,2.677268094,662.7169079,662.3790456,nan,nan,None
0.082385051,0.02,1.1,7.6,2.677268094,1343.22567,1342.540875,nan,nan,None
0.052039986,0.02,2.05,9,2.6872579,2724.109855,2722.721065,nan,nan,None
0.054641986,0.03,2.05,6.3,2.6872579,2791.381956,2789.958871,nan,nan,None
0.041679649,0.03,2.3,5.2,2.627319062,2845.277561,2843.826999,nan,nan,None
0.044144734,0.03,2.35,5.8,2.677268094,3070.272976,3068.707708,nan,nan,None
0.043838389,0.03,2.3,5.1,2.517431193,2817.786312,2816.349765,nan,nan,None
0.035025707,0.01,2.3,11.5,2.427522936,2442.931333,2441.685893,nan,nan,None
0.051167989,0.02,2.3,8.4,2.427522936,2952.684067,2951.178748,nan,nan,None
0.046599419,0.03,2.3,5.1,2.427522936,2817.786312,2816.349765,nan,nan,None
0.038178249,0.03,2.3,4.5,2.537410805,2646.849353,2645.499953,nan,nan,None
0.022419567,0.03,2.35,2.7,2.537410805,2094.811143,2093.743179,nan,nan,None
0.0254642,0.04,2.35,2.3,2.537410805,2232.524737,2231.386564,nan,nan,None
0.017991011,0.01,2.35,6.5,2.537410805,1876.545263,1875.588574,nan,nan,None
0.029892756,0.02,2.35,5.4,2.537410805,2418.879555,2417.646376,nan,nan,None
0.021922808,0.01,2.35,7.2,2.397553517,1975.006886,1974,nan,nan,None
0.03532008,0.02,2.35,5.8,2.397553517,2506.867388,2505.589352,nan,nan,None
0.028788876,0.0019,0.15,3.75012987,2.65,39.65753509,39.63731713,nan,nan,None
0.041488023,0.0083,0.15,1.237142857,2.65,47.60742972,47.58315879,nan,nan,None
0.037541012,0.0141,0.15,0.658964578,2.65,45.28624941,45.26316184,nan,nan,None
0.049237675,0.0083,0.24,2.349170984,2.65,104.9644189,104.9109065,nan,nan,None
0.052612481,0.0141,0.24,1.477627119,2.65,108.5019962,108.4466803,nan,nan,None
0.043088195,0.0019,0.34,12.7223565,2.65,165.5670846,165.4826762,nan,nan,None
0.058841864,0.0083,0.34,3.977142857,2.65,193.4808837,193.3822445,nan,nan,None
0.065304813,0.0141,0.34,2.598297872,2.65,203.8296909,203.7257757,nan,nan,None
0.061153502,0.0238,0.34,1.44147541,2.65,197.2447799,197.1442217,nan,nan,None
0.057549938,0.0083,0.45,5.148292683,2.65,291.3517815,291.2032463,nan,nan,None
0.058518972,0.0141,0.45,3.081584158,2.65,293.7944519,293.6446714,nan,nan,None
0.057912004,0.0115,0.45,3.739101124,2.65,292.2668394,292.1178376,nan,nan,None
0.068452725,0.0287,0.45,1.770945946,2.65,317.7537017,317.5917064,nan,nan,None
0.057948646,0.0083,0.565,6.50875,2.65,411.3114439,411.1017516,nan,nan,None
0.064939072,0.0141,0.565,4.293577982,2.65,435.4137959,435.1918159,nan,nan,None
0.05995173,0.0115,0.565,4.86,2.65,418.3598574,418.1465717,nan,nan,None
0.066185036,0.0157,0.565,3.93,2.65,439.5710203,439.3469209,nan,nan,None
0.060263179,0.0083,0.715,8.306153846,2.6,588.0030477,587.7032755,nan,nan,None
0.06184643,0.0141,0.715,5.017894737,2.6,595.6770596,595.3733752,nan,nan,None
0.066243429,0.0238,0.715,3.184137931,2.6,616.4884723,616.1741779,nan,nan,None
0.062218165,0.0115,0.715,6.189354839,2.6,597.4645701,597.1599743,nan,nan,None
0.06461412,0.0141,0.9,6.598888889,2.6,859.848578,859.4102152,nan,nan,None
0.061436012,0.0115,0.9,7.692857143,2.6,838.4357099,838.0082637,nan,nan,None
0.066888732,0.0157,0.9,6.135017422,2.6,874.8523032,874.4062913,nan,nan,None
0.062011123,0.0141,1.2,8.444067797,2.6,1296.884088,1296.222919,nan,nan,None
0.060131138,0.0115,1.2,10.03928571,2.6,1277.074041,1276.422971,nan,nan,None
0.064399555,0.0287,1.2,4.308262911,2.6,1321.623637,1320.949854,nan,nan,None
0.062323085,0.0178,1.2,6.722490119,2.6,1300.142147,1299.479316,nan,nan,None
0.028,5.41E-03,0.26,2.17,2.61,88,88.1858346,nan,2.51,Reference
0.045,2.90E-03,0.2,0.87,1.28,30,31.43777855,nan,0.13,Reference
0.044,2.34E-03,0.2,1.05,1.28,33,31.03986598,nan,0.13,Reference
0.045,2.02E-03,0.2,1.25,1.28,35,31.42992205,nan,0.13,Reference
0.297,1.00E-02,0.0305,1.52,2.69,12,11.7942749,nan,0.09,Reference
0.262,8.86E-03,0.0375,1.87,2.69,15,15.10685653,nan,0.11,Reference
0.064,2.14E-03,0.062,3.1,2.67,16,15.79969832,nan,0.85,Reference
0.044,2.20E-03,0.092,3.07,2.67,24,23.69273812,nan,0.61,Reference
0.05,9.90E-03,0.795,6.63,2.65,638,637.6091313,nan,0.18,Reference
0.05,1.65E-03,0.25,12.5,2.65,112,112.3957851,nan,0.14,Reference
0.038,1.00E-02,0.64,5.45,2.507,437,467.7257316,nan,0.12,Reference
0.047,2.50E-02,0.64,2.4,2.507,481,490.7594115,nan,0.12,Reference
0.053,5.00E-02,0.64,1.3,2.507,507,510.7985904,nan,0.12,Reference
0.042,1.00E-02,1.2,9.75,2.656,1076,1172.996164,nan,0.21,Reference
0.044,2.50E-02,1.2,3.65,2.656,1096,1134.777511,nan,0.21,Reference
0.052,5.00E-02,1.2,2.05,2.656,1174,1202.696969,nan,0.21,Reference
0.058,7.50E-02,1.2,1.45,2.656,1227,1238.822021,nan,0.21,Reference
0.067,0.1,1.2,1.2,2.656,1297,1301.322404,nan,0.21,Reference
0.083,0.125,1.2,1.5,2.656,1419,1626.653005,nan,0.21,Reference
0.043,2.00E-02,2.25,9.15,2.49,2637,3013.152419,nan,0.08,Reference
0.051,5.00E-02,2.25,3.55,2.49,2841,2967.52738,nan,0.08,Reference
0.057,7.50E-02,2.25,2.5,2.49,2971,3049.974385,nan,0.08,Reference
0.069,0.1,2.25,2.15,2.49,3199,3265.989513,nan,0.08,Reference
0.079,0.15,2.25,1.53,2.49,3320,3374.324932,nan,0.08,Reference
0.098,0.2,2.25,1.3,2.49,3580,3591.552589,nan,0.08,Reference
0.036,5.00E-03,1.15,13.7,2.65,942.708949,942.2283428,nan,0,Reference
0.043,7.50E-03,1.15,11,2.65,1034.56866,1034.041223,nan,0,Reference
0.048,1.00E-02,1.15,9.2,2.65,1092.512105,1091.955127,nan,0,Reference
0.053,1.00E-02,2.22,18.3,2.57,2974.493492,2972.977053,nan,0.34,Reference
0.071,3.00E-02,2.22,8.3,2.57,3469.661856,3467.892974,nan,0.34,Reference
0.082,5.00E-02,2.22,5.7,2.57,3712.016587,3710.124149,nan,0.34,Reference
0.088,7.00E-02,2.22,4.4,2.57,3858.893887,3856.926569,nan,0.34,Reference
0.088,9.00E-02,2.22,3.4,2.57,3846.344605,3844.383685,nan,0.34,Reference
0.049,3.00E-02,4.43,12.7,2.75,8564.474443,8560.108155,nan,0,Reference
0.054,5.00E-02,4.43,8.3,2.75,8938.4513,8933.894352,nan,0,Reference
0.068,7.00E-02,4.43,7.5,2.75,10053.51387,10048.38845,nan,0,Reference
0.065,9.00E-02,4.43,5.6,2.75,9850.391646,9845.369779,nan,0,Reference
0.092,1.95E-02,0.88,6.77,2.629,881,1000.497888,nan,0.42,Reference
0.113,4.97E-02,0.88,3.26,2.629,974,1108.884099,nan,0.42,Reference
0.17,7.75E-02,0.88,3.14,2.629,1194,1359.328907,nan,0.42,Reference
0.079,7.85E-02,3.4,5.57,2.629,6198,7038.150637,nan,0.44,Reference
0.05,1.65E-03,0.042,2.1,2.65,9.1,7.73951859,nan,0.86,Reference
0.047,1.55E-03,0.044,2.2,2.65,7.3,8.046054198,nan,0.59,Reference
0.034,3.93E-03,0.41,5.86,2.65,189,194.7045736,nan,0.54,Reference
0.072,7.13E-04,0.125,20.83,2.65,32,47.68167808,nan,2.8,Reference
0.071,8.10E-03,0.216,3.09,2.63,108,106.9838014,nan,1.43,Reference
0.048,3.96E-03,0.236,4.72,2.65,101,101.0051768,nan,1.05,Reference
0.042,4.85E-03,0.381,5.44,2.65,194,193.7550812,nan,1.65,Reference
0.037,4.27E-03,0.4,5.71,2.65,196,195.6063447,nan,1.29,Reference
0.03,1.98E-03,0.183,4.57,2.65,61,54.49476985,nan,0.53,Reference
0.036,1.78E-03,0.183,6.1,2.65,67,59.72867697,nan,1.06,Reference
0.023,7.59E-04,0.067,3.35,2.65,12,10.57623597,nan,0.29,Reference
0.037,3.66E-03,0.528,8.8,2.65,332,296.7609521,nan,0.2,Reference
0.02,5.15E-03,0.53,3.31,2.61,219,216.6660329,nan,2.88,Reference
0.04,5.41E-03,0.03,0.37,2.69,4.2,4.201007879,nan,0.09,Reference
0.052,1.14E-02,0.038,0.29,2.69,6.9,6.847189284,nan,0.11,Reference
0.042,1.21E-02,0.051,0.3,2.69,9.6,9.605861034,nan,0.26,Reference
0.03,1.22E-02,0.079,0.33,2.69,16,15.67136044,nan,0.32,Reference
0.04,1.62E-02,0.317,1.32,2.69,145,145.2239464,nan,0.24,Reference
0.041,1.32E-02,0.494,2.6,2.69,286,286.1137581,nan,0.26,Reference
0.052,9.67E-03,0.494,4.49,2.69,322,322.1844116,nan,0.26,Visual
0.052,1.41E-02,0.494,3.09,2.69,323,322.3474522,nan,0.26,Visual
0.069,1.75E-02,0.494,3.29,2.69,372,370.9808252,nan,0.26,Visual
0.048,1.38E-02,0.494,2.91,2.69,310,309.795363,nan,0.26,Visual
0.058,1.76E-02,0.494,2.74,2.69,341,340.0234502,nan,0.26,Visual
0.046,9.33E-03,0.494,4.12,2.69,304,303.1806544,nan,0.26,Visual
0.047,1.27E-02,0.494,3.09,2.69,308,306.4583783,nan,0.26,Visual
0.062,1.89E-02,0.494,2.74,2.69,352,351.5529267,nan,0.26,Visual
0.053,2.42E-02,0.494,1.83,2.69,326,325.3334366,nan,0.26,Visual
0.032,4.87E-03,0.171,1.9,2.69,52,51.47845983,nan,0.48,Visual
0.057,1.93E-02,0.171,0.85,2.69,69,68.50375678,nan,0.48,Visual
0.049,9.11E-03,0.317,2.88,2.69,160,160.7334546,nan,0.24,Visual
0.049,9.11E-03,0.317,2.88,2.69,161,160.7334546,nan,0.24,Visual
0.06,8.11E-03,0.701,8.76,2.69,587,584.988165,nan,0.22,Visual
0.043,2.19E-03,0.053,1.77,2.7,8.2,10.3370081,nan,0.81,Visual
0.048,1.63E-03,0.053,2.65,2.7,8.7,10.91118506,nan,0.81,Visual
0.039,1.33E-03,0.053,2.65,2.7,7.7,9.8352093,nan,0.81,Visual
0.04,6.80E-04,0.053,5.3,2.7,8,9.960503642,nan,0.81,Visual
0.037,2.52E-03,0.051,1.27,2.7,7.3,9.024858322,nan,0.74,Visual
0.037,1.26E-03,0.051,2.55,2.7,7.1,9.04260634,nan,0.74,Visual
0.034,1.16E-03,0.051,2.55,2.7,7,8.668265827,nan,0.74,Visual
0.03,1.02E-03,0.051,2.55,2.7,6.5,8.142417933,nan,0.74,Visual
0.035,2.38E-03,0.055,1.38,2.7,7.8,9.867423068,nan,0.62,Visual
0.039,1.33E-03,0.055,2.75,2.7,8.2,10.39713867,nan,0.62,Visual
0.038,1.29E-03,0.055,2.75,2.7,7.9,10.26297642,nan,0.62,Visual
0.037,6.29E-04,0.055,5.5,2.7,8,10.12703696,nan,0.62,Visual
0.052,8.58E-04,0.043,4.3,2.65,9.5,8.176347955,nan,0.95,Visual
0.044,1.45E-03,0.043,2.15,2.65,8.8,7.521146213,nan,0.95,Visual
0.052,1.72E-03,0.043,2.15,2.65,9.6,8.176347955,nan,0.95,Visual
0.051,8.42E-04,0.045,4.5,2.65,10,8.668797711,nan,0.66,Visual
0.067,1.11E-03,0.045,4.5,2.65,12,9.935990829,nan,0.66,Visual
0.043,7.10E-04,0.048,4.8,2.65,8,8.769020671,nan,0.53,Visual
0.048,1.58E-03,0.048,2.4,2.65,9,9.264830636,nan,0.53,Visual
0.049,1.62E-03,0.048,2.4,2.65,8.6,9.360841808,nan,0.53,Visual
0.052,8.58E-04,0.044,4.4,2.65,7.8,8.463221287,nan,0.82,Visual
0.049,1.62E-03,0.044,2.2,2.65,7.6,8.21546339,nan,0.44,Visual
0.063,2.08E-03,0.044,2.2,2.65,8.2,9.315459873,nan,0.44,Visual
0.053,8.75E-04,0.04,4,2.65,6.6,7.405986767,nan,0.69,Visual
0.053,1.75E-03,0.04,2,2.65,6.7,7.405986767,nan,0.69,Visual
0.059,1.95E-03,0.04,2,2.65,7,7.813956744,nan,0.69,Visual
0.048,1.58E-03,0.034,1.7,2.65,5.5,5.523241135,nan,0.37,Visual
0.076,1.00E-03,0.025,3.12,2.65,5.1,4.37848741,nan,0.53,Visual
0.038,2.51E-03,0.4,10,2.65,196,198.3064295,nan,0.56,Visual
0.042,3.47E-03,0.4,8,2.65,200,208.4825173,nan,0.56,Visual
0.045,4.46E-03,0.4,6.67,2.65,212,215.8538506,nan,0.56,Visual
0.074,9.77E-04,0.018,2.25,2.65,2.4,2.641676468,nan,0.32,Visual
0.061,7.42E-05,0.0134,16.75,2.52,1.5,1.478621262,nan,0,Visual
0.022,1.10E-03,0.43,14.33,2.66,198,168.6671864,nan,0.31,Visual
0.026,2.16E-03,0.43,8.6,2.66,213,183.3818878,nan,0.31,Visual
0.024,4.78E-03,0.43,3.58,2.66,207,176.105652,nan,0.31,Visual
0.032,1.01E-02,0.43,2.26,2.66,235,203.3019511,nan,0.31,Visual
0.019,1.26E-03,0.31,7.75,2.66,110,95.95915679,nan,0.33,Visual
0.028,2.32E-03,0.31,6.2,2.66,135,116.4899981,nan,0.33,Visual
0.029,4.81E-03,0.31,3.1,2.66,137,118.5519281,nan,0.33,Visual
0.037,9.83E-03,0.31,1.94,2.66,156,133.9955865,nan,0.33,Visual
0.024,1.20E-03,0.22,7.33,2.66,75,64.46262673,nan,0.35,Visual
0.028,2.32E-03,0.22,4.4,2.66,82,69.64342461,nan,0.35,Visual
0.029,4.81E-03,0.22,2.2,2.66,82,70.8761473,nan,0.35,Visual
0.035,9.88E-03,0.22,1.29,2.66,90,77.73974303,nan,0.35,Visual
0.022,1.10E-03,0.14,4.67,2.66,37,31.34913237,nan,0.31,Visual
0.023,2.29E-03,0.14,2.33,2.66,37,32.0193581,nan,0.31,Visual
0.026,4.75E-03,0.14,1.27,2.66,39,34.03141402,nan,0.31,Visual
0.03,9.96E-03,0.14,0.7,2.66,43,36.59483242,nan,0.31,Visual
0.021,1.05E-03,0.38,12.67,2.66,158,136.9333587,nan,0.36,Visual
0.023,2.29E-03,0.38,6.33,2.66,165,143.2491576,nan,0.36,Visual
0.033,4.93E-03,0.38,4.22,2.66,198,171.5872953,nan,0.36,Visual
0.034,9.59E-03,0.38,2.24,2.66,204,174.3968382,nan,0.36,Visual
0.026,1.29E-03,0.17,5.67,2.66,53,45.59894913,nan,0.45,Visual
0.028,2.32E-03,0.17,3.4,2.66,55,47.30635425,nan,0.45,Visual
0.026,4.75E-03,0.17,1.55,2.66,53,45.65253193,nan,0.45,Visual
0.03,9.96E-03,0.17,0.85,2.66,57,48.9667287,nan,0.45,Visual
0.033,5.54E-04,0.32,32,2.68,133,133.428811,nan,0.12,Visual
0.032,1.08E-03,0.27,13.5,2.68,101,101.8329474,nan,0.15,Visual
0.037,1.24E-03,0.38,19,2.68,183,182.8285166,nan,0.16,Visual
0.03,5.04E-04,0.36,36,2.68,151,151.8035952,nan,0.15,Visual
0.039,1.97E-03,0.366,12.2,2.68,178,177.4277766,nan,0.13,Visual
0.04,4.03E-03,0.366,6.1,2.68,179,179.6880942,nan,0.13,Visual
0.037,3.73E-03,0.85,14.17,2.68,609,611.7134319,nan,0.19,Visual
0.05,8.40E-03,0.74,7.4,2.68,575,577.5641928,nan,0.28,Visual
0.047,7.90E-03,0.85,8.5,2.68,686,689.3582799,nan,0.23,Visual
0.04,8.74E-03,0.314,2.42,2.68,142,142.9245,nan,0.314,Visual
0.033,5.54E-04,0.186,18.6,2.68,59,59.12811922,nan,0.33,Visual
0.025,4.20E-04,0.314,31.4,2.68,113,112.8839389,nan,0.15,Visual
0.033,1.11E-03,0.31,15.5,2.68,127,127.2234561,nan,0.17,Visual
0.038,1.92E-03,0.366,12.2,2.68,176,175.13829,nan,0.13,Visual
0.04,1.34E-03,0.306,15.3,2.68,137,137.3661778,nan,0.19,Visual
0.04,1.34E-03,0.258,12.9,2.68,106,106.3474873,nan,0.18,Visual
0.048,4.03E-03,0.261,5.22,2.68,119,118.5356699,nan,0.2,Visual
0.05,4.20E-03,0.404,8.08,2.68,233,232.9832658,nan,0.22,Visual
0.043,7.22E-03,0.434,4.34,2.68,241,240.5672484,nan,0.22,Visual
0.043,7.95E-03,0.21,1.91,2.68,81,80.99052747,nan,0.16,Visual
0.043,7.22E-03,0.314,3.14,2.68,147,148.045898,nan,0.15,Visual
0.036,1.73E-04,0.04,13.33,2.6,6,6.009799358,nan,0.42,Visual
0.097,1.44E-04,0.0102,11.33,2.65,1.3,1.289963015,nan,0.19,Visual
0.126,2.08E-04,0.0102,10.2,2.65,1.5,1.470417085,nan,0.19,Visual
0.12,1.98E-04,0.0102,10.2,2.65,1.5,1.43498014,nan,0.19,Visual
0.226,1.68E-04,0.0037,7.4,2.49,0.43,0.408849036,nan,0.25,Visual
0.228,1.70E-04,0.0037,7.4,2.49,0.43,0.410654117,nan,0.25,Visual
0.03,1.85E-03,0.62,15.5,2.54,328,328.4895512,nan,0.48,Visual
0.032,1.97E-03,0.62,15.5,2.54,340,339.2625497,nan,0.48,Visual
0.03,2.31E-03,0.62,12.4,2.54,327,328.4895512,nan,0.48,Visual
0.041,3.16E-03,0.62,12.4,2.54,382,384.0191313,nan,0.48,Visual
0.038,3.51E-03,0.62,10.33,2.54,372,369.6431581,nan,0.48,Visual
0.032,3.45E-03,0.62,8.86,2.54,339,339.3172651,nan,0.48,Visual
0.036,3.88E-03,0.62,8.86,2.54,359,359.9003086,nan,0.48,Visual
0.032,5.42E-03,0.62,5.64,2.54,337,339.3719716,nan,0.48,Visual
0.023,4.25E-03,0.62,5.17,2.54,289,287.7165873,nan,0.48,Visual
0.05,3.80E-03,0.85,17,2.52,675,676.3137585,nan,0.48,Visual
0.056,5.96E-03,0.85,12.14,2.52,713,715.6589953,nan,0.48,Visual
0.037,7.87E-03,0.85,6.07,2.52,584,581.7186438,nan,0.48,Visual
0.039,1.66E-02,0.85,3.04,2.52,595,597.7256164,nan,0.48,Visual
0.037,6.19E-03,2,18.18,2.52,2099,2099.708332,nan,0.48,Visual
0.031,6.60E-03,2,14.29,2.52,1938,1922.320541,nan,0.48,Visual
0.036,9.85E-03,2,11.11,2.52,2066,2071.13954,nan,0.48,Visual
0.031,1.08E-02,2,8.7,2.52,1935,1922.512706,nan,0.48,Visual
0.027,1.35E-02,2,6.06,2.52,1802,1793.659457,nan,0.48,Visual
0.032,1.90E-02,2,5.13,2.52,1950,1953.128434,nan,0.48,Visual
0.031,2.59E-02,2,3.64,2.52,1928,1922.993034,nan,0.48,Visual
0.037,1.65E-03,0.5,16.67,2.49,259,259.899513,nan,0,Visual
0.039,2.32E-03,0.5,12.5,2.49,266,266.8047039,nan,0,Visual
0.042,2.50E-03,0.5,12.5,2.49,278,276.8763262,nan,0,Visual
0.038,2.26E-03,0.5,12.5,2.49,264,263.3619183,nan,0,Visual
0.037,2.76E-03,0.5,10,2.49,261,259.8735269,nan,0,Visual
0.027,3.22E-03,0.5,6.25,2.49,221,221.9949324,nan,0,Visual
0.026,2.15E-04,0.03,6,2.65,3.4,3.369174973,nan,1.26,Visual
0.023,2.28E-03,0.357,5.95,2.65,145,130.0832121,nan,0.25,Visual
0.027,3.56E-03,0.357,4.46,2.65,157,140.9021211,nan,0.25,Visual
0.029,9.09E-03,0.357,1.88,2.65,162,146.1093303,nan,0.25,Visual
0.023,1.14E-03,0.179,5.97,2.65,51,46.19763592,nan,0.25,Visual
0.025,1.65E-03,0.179,4.47,2.65,54,48.12400935,nan,0.25,Visual
0.019,1.88E-03,0.179,2.98,2.65,47,41.9535387,nan,0.25,Visual
0.017,2.24E-03,0.179,2.24,2.65,44,39.72843928,nan,0.25,Visual
0.017,2.81E-04,0.0895,8.95,2.65,16,14.03828398,nan,0.25,Visual
0.021,6.93E-04,0.0895,4.47,2.65,17,15.5939613,nan,0.25,Visual
0.018,5.94E-04,0.0895,4.47,2.65,16,14.4372028,nan,0.25,Visual
0.02,1.32E-03,0.0895,2.24,2.65,17,15.235161,nan,0.25,Visual
0.02,1.98E-04,0.0508,8.47,2.65,7.2,6.512549697,nan,0.25,Visual
0.024,3.56E-04,0.0508,5.64,2.65,8,7.129928091,nan,0.25,Visual
0.022,3.63E-04,0.0508,5.08,2.65,7.7,6.829075573,nan,0.25,Visual
0.025,8.25E-04,0.0508,2.54,2.65,8.1,7.279819021,nan,0.25,Visual
0.029,2.39E-04,0.0359,7.18,2.65,5.2,4.657959217,nan,0.25,Visual
0.026,4.13E-04,0.0359,5.98,3.65,4.9,5.587831667,nan,0.25,Visual
0.027,4.01E-04,0.0359,3.99,2.65,5.1,4.495096745,nan,0.25,Visual
0.023,1.52E-03,0.0359,0.9,2.65,4.6,4.153982159,nan,0.25,Visual
0.032,1.58E-04,0.0254,8.47,2.65,3.3,2.912500766,nan,0.25,Visual
0.035,2.31E-04,0.0254,6.35,2.65,3.4,3.045366788,nan,0.25,Visual
0.041,5.41E-04,0.0254,3.18,2.65,3.7,3.298672565,nan,0.25,Visual
0.039,1.29E-04,0.018,9,2.65,2.1,1.917768015,nan,0.25,Visual
0.046,3.80E-04,0.018,3.6,2.65,2.3,2.08277657,nan,0.25,Visual
0.052,1.72E-04,0.0127,6.35,2.65,1.5,1.312388038,nan,0.25,Visual
0.052,1.72E-04,0.0127,6.35,2.65,1.5,1.312388038,nan,0.25,Visual
0.04,6.60E-04,0.0127,1.27,2.65,1.3,1.151040453,nan,0.25,Visual
0.056,6.22E-04,0.018,6,4.7,3.9,3.441253539,nan,0.25,Visual
0.056,1.04E-03,0.018,3.6,4.7,3.9,3.441253539,nan,0.25,Visual
0.062,1.38E-03,0.018,3,4.7,4.1,3.620916436,nan,0.25,Visual
0.058,4.29E-04,0.0127,6.35,4.7,2.3,2.075551329,nan,0.25,Visual
0.06,4.44E-04,0.0127,6.35,4.7,2.4,2.111033409,nan,0.25,Visual
0.059,6.55E-04,0.0127,4.23,4.7,2.4,2.092543224,nan,0.25,Visual
0.063,9.32E-04,0.0127,3.18,4.7,2.4,2.164868151,nan,0.25,Visual
0.057,2.11E-04,0.009,9,4.7,1.4,1.227481886,nan,0.25,Visual
0.07,5.18E-04,0.009,4.5,4.7,1.5,1.360274899,nan,0.25,Visual
0.058,4.29E-04,0.009,4.5,4.7,1.4,1.238202455,nan,0.25,Visual
0.081,1.20E-03,0.009,2.25,4.7,1.6,1.463255528,nan,0.25,Visual
0.039,6.40E-04,0.09,9,2.64,18,21.37622586,nan,0.25,Visual
0.038,1.25E-03,0.18,9,2.64,48,59.68092117,nan,0.25,Visual
0.047,3.08E-03,0.33,8.25,2.64,127,164.7611447,nan,0.25,Visual
0.043,3.08E-03,0.18,9,4.58,74,93.79885492,nan,0.25,Visual
0.039,1.33E-04,0.15,15,1.34,16,20.94217037,nan,0.25,Visual
0.031,5.08E-04,0.09,9,2.64,16,19.05809875,nan,0.25,Visual
0.03,9.84E-04,0.18,9,2.64,43,53.02789002,nan,0.25,Visual
0.037,2.43E-03,0.33,8.25,2.64,114,146.18632,nan,0.25,Visual
0.035,2.51E-03,0.18,9,4.58,67,84.62473681,nan,0.25,Visual
0.031,1.05E-04,0.15,15,1.34,14,18.67111405,nan,0.25,Visual
0.027,4.43E-04,0.09,9,2.64,14,17.78609502,nan,0.25,Visual
0.026,8.53E-04,0.18,9,2.64,39,49.36627902,nan,0.25,Visual
0.031,2.03E-03,0.33,8.25,2.64,112,133.8094294,nan,0.25,Visual
0.028,2.00E-03,0.18,9,4.58,59,75.69066563,nan,0.25,Visual
0.026,8.84E-05,0.15,15,1.34,13,17.09921051,nan,0.25,Visual
0.025,4.10E-04,0.09,9,2.64,14,17.11467791,nan,0.25,Visual
0.021,6.89E-04,0.18,9,2.64,36,44.36631587,nan,0.25,Visual
0.027,1.77E-03,0.33,8.25,2.64,99,124.8785231,nan,0.25,Visual
0.023,1.65E-03,0.18,9,4.58,55,68.60049143,nan,0.25,Visual
0.024,8.16E-05,0.15,15,1.34,12,16.42839006,nan,0.25,Visual
0.018,5.08E-03,0.671,3.95,2.66,265,297.5424009,nan,0.56,Visual
0.025,4.98E-03,0.571,4.76,2.66,225,275.211954,nan,0.46,Visual
0.021,3.21E-03,0.326,3.62,2.7,102,110.0627313,nan,1.13,Visual
0.021,3.21E-03,0.326,3.62,2.7,102,110.0627313,nan,1.13,Visual
0.034,1.01E-02,0.221,1.1,2.49,65,73.03806261,nan,0.9,Visual
0.024,1.74E-03,0.163,3.26,2.45,33,38.43121071,nan,0.98,Visual
0.024,1.74E-03,0.163,3.26,2.45,33,38.43121071,nan,0.98,Visual
0.094,1.09E-04,0.0066,9.43,2.65,0.7,0.661100885,nan,0.2,Visual
0.121,1.60E-04,0.0066,8.25,2.65,0.79,0.750004032,nan,0.2,Visual
0.127,2.10E-04,0.0066,6.6,2.65,0.81,0.7683742,nan,0.2,Visual
0.122,4.03E-04,0.0066,3.3,2.65,0.79,0.753096846,nan,0.2,Visual
0.126,6.24E-04,0.0066,2.2,2.65,0.81,0.765343126,nan,0.2,Visual
0.155,1.02E-04,0.0045,11.25,2.65,0.48,0.47790286,nan,0.2,Visual
0.147,1.46E-04,0.0045,7.5,2.65,0.47,0.465406504,nan,0.2,Visual
0.134,1.77E-04,0.0045,5.62,2.65,0.45,0.444153485,nan,0.2,Visual
0.127,2.10E-04,0.0045,4.5,2.65,0.44,0.432589169,nan,0.2,Visual
0.14,4.62E-04,0.0045,2.25,2.65,0.46,0.454190241,nan,0.2,Visual
0.14,6.93E-05,0.003,10,2.65,0.27,0.247229853,nan,0.2,Visual
0.133,8.78E-05,0.003,7.5,2.65,0.27,0.240969853,nan,0.2,Visual
0.164,1.35E-04,0.003,6,2.65,0.29,0.267583183,nan,0.2,Visual
0.161,2.13E-04,0.003,3.75,2.65,0.29,0.26512448,nan,0.2,Visual
0.165,2.72E-04,0.003,3,2.65,0.28,0.268397746,nan,0.2,Visual
0.198,6.53E-05,0.0015,7.5,2.65,0.12,0.10395,nan,0.2,Visual
0.07,4.87E-04,0.0076,1.9,2.74,0.77,0.723864153,nan,0.2,Visual
0.062,4.32E-04,0.0076,1.9,2.74,0.71,0.68124589,nan,0.2,Visual
0.055,2.87E-04,0.0053,1.77,2.74,0.39,0.374017684,nan,0.2,Visual
0.07,3.65E-04,0.0053,1.77,2.74,0.44,0.421948854,nan,0.2,Visual
0.061,2.12E-04,0.0042,2.1,2.74,0.29,0.277604508,nan,0.2,Visual
0.068,2.37E-04,0.0042,2.1,2.74,0.3,0.293100159,nan,0.2,Visual
0.063,2.19E-04,0.0033,1.65,2.74,0.2,0.196484749,nan,0.2,Visual
0.076,2.64E-04,0.0033,1.65,2.74,0.22,0.215806921,nan,0.2,Visual
0.092,1.60E-04,0.0024,2.4,2.74,0.15,0.147264626,nan,0.2,Visual
0.087,1.51E-04,0.0024,2.4,2.74,0.15,0.143206968,nan,0.2,Visual
0.14,2.44E-04,0.0016,1.6,2.74,0.1,0.098885281,nan,0.2,Visual
0.03,5.94E-03,0.056,0.47,2.65,9.4,9.262819821,nan,0.44,Visual
0.113,3.73E-03,0.01,0.5,2.65,1.5,1.351743319,nan,0.44,Visual
0.036,5.35E-03,0.04,0.44,2.65,6.1,6.073147718,nan,0.44,Visual
0.053,2.62E-03,0.019,0.63,2.65,2.5,2.418117766,nan,0.44,Visual
0.079,3.56E-03,0.014,0.47,2.5,1.8,1.791471094,nan,0,Visual
0.178,2.64E-02,0.1,1.11,2.65,0.13,53.6225861,nan,0.44,Visual
0.156,6.18E-02,0.188,0.78,2.65,0.3,129.1897568,nan,0.44,Visual
0.135,8.46E-02,0.286,0.75,2.65,0.55,225.5850722,nan,0.44,Visual
0.172,1.14E-02,0.056,1.4,2.65,0.054,22.100458,nan,0.44,Visual
0.11,1.82E-02,0.1,1,2.65,0.78,42.17463693,nan,0.44,Visual
0.092,4.55E-02,0.188,0.63,2.65,1.9,99.68680455,nan,0.44,Visual
0.141,9.31E-03,0.056,1.4,2.65,0.38,20.0099778,nan,0.44,Visual
0.086,5.82E-02,0.286,0.7,2.65,3.4,180.6804723,nan,0.44,Visual
0.091,3.75E-02,0.286,1.14,2.65,3.4,185.2098881,nan,0.44,Visual
0.134,1.55E-02,0.1,1.43,2.65,0.86,46.57195272,nan,0.44,Visual
0.143,7.08E-03,0.056,1.87,2.65,0.38,20.16937712,nan,0.44,Visual
0.11,2.90E-02,0.188,1.17,2.65,2,108.4831092,nan,0.44,Visual
0.14,9.24E-03,0.056,1.4,2.65,0.8,19.93889417,nan,0.44,Visual
0.069,3.53E-02,0.286,0.92,2.65,6.4,161.3319373,nan,0.44,Visual
0.086,2.55E-02,0.188,1.04,2.65,3.8,95.92128918,nan,0.44,Visual
0.106,1.57E-02,0.1,1.11,2.65,1.6,41.38001909,nan,0.44,Visual
0.03,2.25E-07,0.036,2400,1.5,2.5,2.618860821,nan,1.8,Visual
0.07,5.25E-07,0.035,2333.33,1.5,3.6,3.834853842,nan,2,Visual
0.047,5.41E-07,0.035,1521.74,1.5,3,3.142310956,nan,2.2,Visual
0.025,1.66E-03,0.05,1.25,2.66,7.1,7.130042076,nan,0.5,Visual
0.021,1.49E-03,0.05,1.25,2.77,6.6,6.747832985,nan,0.5,Visual
0.025,1.73E-03,0.05,1.25,2.73,7.3,7.27882202,nan,0.5,Visual
0.022,1.32E-03,0.05,1.25,2.5,6.2,6.358065744,nan,0.5,Visual